<xml xmlns:o="urn:schemas-microsoft-com:office:office">
 <o:MainFile HRef="../Раздел%2010%20N–версионное%20программирование.htm"/>
 <o:File HRef="item0010.xml"/>
 <o:File HRef="props011.xml"/>
 <o:File HRef="themedata.thmx"/>
 <o:File HRef="colorschememapping.xml"/>
 <o:File HRef="image001.png"/>
 <o:File HRef="image002.jpg"/>
 <o:File HRef="image003.png"/>
 <o:File HRef="image004.jpg"/>
 <o:File HRef="image005.png"/>
 <o:File HRef="image006.gif"/>
 <o:File HRef="filelist.xml"/>
</xml>