<?xml version="1.0" encoding="UTF-8"?><?xml-stylesheet type='text/xsl' href='_UpgradeReport_Files/UpgradeReport.xslt'?><UpgradeLog>
<Properties><Property Name="Solution" Value="TypesInAssembly">
</Property><Property Name="Solution File" Value="P:\My\Academy\Code.MyLectures.DotNet\TypesInAssembly\TypesInAssembly.sln">
</Property><Property Name="Date" Value="5 марта 2012 г.">
</Property><Property Name="Time" Value="17:35">
</Property><Property Name="Log Number" Value="2">
</Property></Properties><Event ErrorLevel="1" Project="TypesInAssembly" Source="TypesInAssembly.csproj" Description="Your project is targeting .NET Framework 2.0 or 3.0. If your project uses assemblies requiring a newer .NET Framework, your project will fail to build. You can change the .NET Framework version by clicking Properties on the project menu and then selecting a new version in the '.NET Framework' dropdown box. (In Visual Basic, this is located on the Compile tab by clicking the 'Advanced Compiler Options...' button.)">
</Event><Event ErrorLevel="0" Project="TypesInAssembly" Source="TypesInAssembly.csproj" Description="Project converted successfully">
</Event><Event ErrorLevel="3" Project="TypesInAssembly" Source="TypesInAssembly.csproj" Description="Converted">
</Event><Event ErrorLevel="0" Project="" Source="TypesInAssembly.sln" Description="Solution converted successfully">
</Event><Event ErrorLevel="3" Project="" Source="TypesInAssembly.sln" Description="Converted">
</Event><Event ErrorLevel="0" Project="TypesInAssembly" Source="TypesInAssembly.csproj" Description="Scan complete: Upgrade not required for project files.">
</Event></UpgradeLog>