<xml xmlns:o="urn:schemas-microsoft-com:office:office">
 <o:MainFile HRef="../Раздел%209%20Верификация%20ПО.htm"/>
 <o:File HRef="themedata.thmx"/>
 <o:File HRef="colorschememapping.xml"/>
 <o:File HRef="image001.wmz"/>
 <o:File HRef="image002.gif"/>
 <o:File HRef="oledata.mso"/>
 <o:File HRef="image003.wmz"/>
 <o:File HRef="image004.gif"/>
 <o:File HRef="image005.png"/>
 <o:File HRef="image006.jpg"/>
 <o:File HRef="image007.wmz"/>
 <o:File HRef="image008.gif"/>
 <o:File HRef="image009.wmz"/>
 <o:File HRef="image010.gif"/>
 <o:File HRef="image011.wmz"/>
 <o:File HRef="image012.gif"/>
 <o:File HRef="image013.wmz"/>
 <o:File HRef="image014.gif"/>
 <o:File HRef="image015.png"/>
 <o:File HRef="image016.jpg"/>
 <o:File HRef="image017.png"/>
 <o:File HRef="image018.jpg"/>
 <o:File HRef="image019.gif"/>
 <o:File HRef="image020.png"/>
 <o:File HRef="image021.jpg"/>
 <o:File HRef="image022.png"/>
 <o:File HRef="image023.jpg"/>
 <o:File HRef="image024.png"/>
 <o:File HRef="image025.jpg"/>
 <o:File HRef="image026.png"/>
 <o:File HRef="image027.jpg"/>
 <o:File HRef="image028.png"/>
 <o:File HRef="image029.jpg"/>
 <o:File HRef="image030.png"/>
 <o:File HRef="image031.jpg"/>
 <o:File HRef="image032.gif"/>
 <o:File HRef="filelist.xml"/>
</xml>