<xml xmlns:o="urn:schemas-microsoft-com:office:office">
 <o:MainFile HRef="../Раздел%205%20Модели%20надежности%20ПО.htm"/>
 <o:File HRef="item0156.xml"/>
 <o:File HRef="props157.xml"/>
 <o:File HRef="themedata.thmx"/>
 <o:File HRef="colorschememapping.xml"/>
 <o:File HRef="image001.gif"/>
 <o:File HRef="image002.png"/>
 <o:File HRef="image003.jpg"/>
 <o:File HRef="image004.png"/>
 <o:File HRef="image005.jpg"/>
 <o:File HRef="image006.png"/>
 <o:File HRef="image007.jpg"/>
 <o:File HRef="image008.png"/>
 <o:File HRef="image009.jpg"/>
 <o:File HRef="image010.png"/>
 <o:File HRef="image011.jpg"/>
 <o:File HRef="image012.png"/>
 <o:File HRef="image013.jpg"/>
 <o:File HRef="image014.png"/>
 <o:File HRef="image015.jpg"/>
 <o:File HRef="image016.png"/>
 <o:File HRef="image017.jpg"/>
 <o:File HRef="image018.png"/>
 <o:File HRef="image019.jpg"/>
 <o:File HRef="image020.png"/>
 <o:File HRef="image021.jpg"/>
 <o:File HRef="image022.png"/>
 <o:File HRef="image023.jpg"/>
 <o:File HRef="image024.png"/>
 <o:File HRef="image025.jpg"/>
 <o:File HRef="image026.png"/>
 <o:File HRef="image027.jpg"/>
 <o:File HRef="image028.png"/>
 <o:File HRef="image029.jpg"/>
 <o:File HRef="image030.png"/>
 <o:File HRef="image031.jpg"/>
 <o:File HRef="image032.png"/>
 <o:File HRef="image033.jpg"/>
 <o:File HRef="image034.png"/>
 <o:File HRef="image035.jpg"/>
 <o:File HRef="image036.png"/>
 <o:File HRef="image037.jpg"/>
 <o:File HRef="image038.png"/>
 <o:File HRef="image039.jpg"/>
 <o:File HRef="image040.gif"/>
 <o:File HRef="image041.png"/>
 <o:File HRef="image042.jpg"/>
 <o:File HRef="image043.png"/>
 <o:File HRef="image044.jpg"/>
 <o:File HRef="image045.png"/>
 <o:File HRef="image046.jpg"/>
 <o:File HRef="image047.png"/>
 <o:File HRef="image048.jpg"/>
 <o:File HRef="image049.png"/>
 <o:File HRef="image050.jpg"/>
 <o:File HRef="image051.png"/>
 <o:File HRef="image052.jpg"/>
 <o:File HRef="image053.png"/>
 <o:File HRef="image054.jpg"/>
 <o:File HRef="image055.png"/>
 <o:File HRef="image056.jpg"/>
 <o:File HRef="image057.png"/>
 <o:File HRef="image058.jpg"/>
 <o:File HRef="image059.png"/>
 <o:File HRef="image060.jpg"/>
 <o:File HRef="image061.png"/>
 <o:File HRef="image062.jpg"/>
 <o:File HRef="image063.png"/>
 <o:File HRef="image064.jpg"/>
 <o:File HRef="image065.png"/>
 <o:File HRef="image066.jpg"/>
 <o:File HRef="image067.png"/>
 <o:File HRef="image068.jpg"/>
 <o:File HRef="image069.png"/>
 <o:File HRef="image070.jpg"/>
 <o:File HRef="image071.png"/>
 <o:File HRef="image072.jpg"/>
 <o:File HRef="image073.png"/>
 <o:File HRef="image074.jpg"/>
 <o:File HRef="image075.png"/>
 <o:File HRef="image076.gif"/>
 <o:File HRef="image077.png"/>
 <o:File HRef="image078.gif"/>
 <o:File HRef="image079.gif"/>
 <o:File HRef="image080.png"/>
 <o:File HRef="image081.gif"/>
 <o:File HRef="image082.gif"/>
 <o:File HRef="image083.png"/>
 <o:File HRef="image084.gif"/>
 <o:File HRef="image085.png"/>
 <o:File HRef="image086.gif"/>
 <o:File HRef="image087.png"/>
 <o:File HRef="image088.gif"/>
 <o:File HRef="image089.png"/>
 <o:File HRef="image090.gif"/>
 <o:File HRef="image091.png"/>
 <o:File HRef="image092.gif"/>
 <o:File HRef="image093.png"/>
 <o:File HRef="image094.gif"/>
 <o:File HRef="image095.png"/>
 <o:File HRef="image096.gif"/>
 <o:File HRef="image097.png"/>
 <o:File HRef="image098.gif"/>
 <o:File HRef="image099.png"/>
 <o:File HRef="image100.gif"/>
 <o:File HRef="image101.png"/>
 <o:File HRef="image102.gif"/>
 <o:File HRef="image103.png"/>
 <o:File HRef="image104.gif"/>
 <o:File HRef="image105.png"/>
 <o:File HRef="image106.jpg"/>
 <o:File HRef="image107.wmz"/>
 <o:File HRef="image108.gif"/>
 <o:File HRef="oledata.mso"/>
 <o:File HRef="image109.png"/>
 <o:File HRef="image110.jpg"/>
 <o:File HRef="image111.png"/>
 <o:File HRef="image112.jpg"/>
 <o:File HRef="image113.png"/>
 <o:File HRef="image114.jpg"/>
 <o:File HRef="image115.png"/>
 <o:File HRef="image116.jpg"/>
 <o:File HRef="image117.wmz"/>
 <o:File HRef="image118.gif"/>
 <o:File HRef="image119.png"/>
 <o:File HRef="image120.jpg"/>
 <o:File HRef="image121.png"/>
 <o:File HRef="image122.jpg"/>
 <o:File HRef="image123.png"/>
 <o:File HRef="image124.jpg"/>
 <o:File HRef="image125.png"/>
 <o:File HRef="image126.jpg"/>
 <o:File HRef="image127.png"/>
 <o:File HRef="image128.jpg"/>
 <o:File HRef="image129.png"/>
 <o:File HRef="image130.jpg"/>
 <o:File HRef="image131.png"/>
 <o:File HRef="image132.jpg"/>
 <o:File HRef="image133.png"/>
 <o:File HRef="image134.jpg"/>
 <o:File HRef="image135.png"/>
 <o:File HRef="image136.jpg"/>
 <o:File HRef="image137.jpg"/>
 <o:File HRef="image138.jpg"/>
 <o:File HRef="image139.png"/>
 <o:File HRef="image140.jpg"/>
 <o:File HRef="image141.png"/>
 <o:File HRef="image142.jpg"/>
 <o:File HRef="image143.jpg"/>
 <o:File HRef="image144.jpg"/>
 <o:File HRef="image145.png"/>
 <o:File HRef="image146.jpg"/>
 <o:File HRef="image147.jpg"/>
 <o:File HRef="image148.png"/>
 <o:File HRef="image149.jpg"/>
 <o:File HRef="filelist.xml"/>
</xml>