<xml xmlns:o="urn:schemas-microsoft-com:office:office">
 <o:MainFile HRef="../lk8.htm"/>
 <o:File HRef="themedata.thmx"/>
 <o:File HRef="colorschememapping.xml"/>
 <o:File HRef="image001.png"/>
 <o:File HRef="image051.jpg"/>
 <o:File HRef="image003.png"/>
 <o:File HRef="image052.jpg"/>
 <o:File HRef="image005.png"/>
 <o:File HRef="image053.jpg"/>
 <o:File HRef="image007.png"/>
 <o:File HRef="image054.jpg"/>
 <o:File HRef="image009.png"/>
 <o:File HRef="image055.jpg"/>
 <o:File HRef="image011.png"/>
 <o:File HRef="image056.jpg"/>
 <o:File HRef="image013.png"/>
 <o:File HRef="image057.jpg"/>
 <o:File HRef="image015.png"/>
 <o:File HRef="image058.jpg"/>
 <o:File HRef="image017.png"/>
 <o:File HRef="image059.jpg"/>
 <o:File HRef="image019.png"/>
 <o:File HRef="image060.jpg"/>
 <o:File HRef="image021.png"/>
 <o:File HRef="image061.jpg"/>
 <o:File HRef="image023.png"/>
 <o:File HRef="image062.jpg"/>
 <o:File HRef="image025.png"/>
 <o:File HRef="image063.jpg"/>
 <o:File HRef="image027.png"/>
 <o:File HRef="image064.jpg"/>
 <o:File HRef="image029.png"/>
 <o:File HRef="image065.jpg"/>
 <o:File HRef="image031.png"/>
 <o:File HRef="image066.jpg"/>
 <o:File HRef="image033.png"/>
 <o:File HRef="image067.jpg"/>
 <o:File HRef="image035.png"/>
 <o:File HRef="image068.jpg"/>
 <o:File HRef="image037.png"/>
 <o:File HRef="image069.jpg"/>
 <o:File HRef="image039.png"/>
 <o:File HRef="image070.jpg"/>
 <o:File HRef="image041.png"/>
 <o:File HRef="image071.jpg"/>
 <o:File HRef="image043.png"/>
 <o:File HRef="image072.jpg"/>
 <o:File HRef="image045.png"/>
 <o:File HRef="image073.jpg"/>
 <o:File HRef="image047.png"/>
 <o:File HRef="image074.jpg"/>
 <o:File HRef="image049.png"/>
 <o:File HRef="image075.jpg"/>
 <o:File HRef="filelist.xml"/>
</xml>