<xml xmlns:o="urn:schemas-microsoft-com:office:office">
 <o:MainFile HRef="../Надежность_вычисл_процессов%20Лаб%20практикум.htm"/>
 <o:File HRef="image001.gif"/>
 <o:File HRef="image002.gif"/>
 <o:File HRef="image306.wmz"/>
 <o:File HRef="image004.gif"/>
 <o:File HRef="oledata.mso"/>
 <o:File HRef="image308.wmz"/>
 <o:File HRef="image006.gif"/>
 <o:File HRef="image007.png"/>
 <o:File HRef="image349.jpg"/>
 <o:File HRef="image009.png"/>
 <o:File HRef="image003.jpg"/>
 <o:File HRef="image011.png"/>
 <o:File HRef="image005.jpg"/>
 <o:File HRef="image310.wmz"/>
 <o:File HRef="image014.gif"/>
 <o:File HRef="image312.wmz"/>
 <o:File HRef="image010.gif"/>
 <o:File HRef="image314.wmz"/>
 <o:File HRef="image018.gif"/>
 <o:File HRef="image316.wmz"/>
 <o:File HRef="image020.gif"/>
 <o:File HRef="image318.wmz"/>
 <o:File HRef="image022.gif"/>
 <o:File HRef="image320.wmz"/>
 <o:File HRef="image024.gif"/>
 <o:File HRef="image025.png"/>
 <o:File HRef="image026.jpg"/>
 <o:File HRef="image027.png"/>
 <o:File HRef="image028.jpg"/>
 <o:File HRef="image322.wmz"/>
 <o:File HRef="image030.gif"/>
 <o:File HRef="image031.png"/>
 <o:File HRef="image013.jpg"/>
 <o:File HRef="image033.png"/>
 <o:File HRef="image015.jpg"/>
 <o:File HRef="image035.png"/>
 <o:File HRef="image036.jpg"/>
 <o:File HRef="image037.png"/>
 <o:File HRef="image012.jpg"/>
 <o:File HRef="image324.wmz"/>
 <o:File HRef="image040.gif"/>
 <o:File HRef="image041.png"/>
 <o:File HRef="image016.jpg"/>
 <o:File HRef="image326.wmz"/>
 <o:File HRef="image008.gif"/>
 <o:File HRef="image328.wmz"/>
 <o:File HRef="image017.gif"/>
 <o:File HRef="image047.png"/>
 <o:File HRef="image042.jpg"/>
 <o:File HRef="image049.png"/>
 <o:File HRef="image048.jpg"/>
 <o:File HRef="image051.png"/>
 <o:File HRef="image019.jpg"/>
 <o:File HRef="image053.png"/>
 <o:File HRef="image050.jpg"/>
 <o:File HRef="image055.png"/>
 <o:File HRef="image350.jpg"/>
 <o:File HRef="image057.png"/>
 <o:File HRef="image054.jpg"/>
 <o:File HRef="image059.png"/>
 <o:File HRef="image060.jpg"/>
 <o:File HRef="image061.png"/>
 <o:File HRef="image062.jpg"/>
 <o:File HRef="image063.jpg"/>
 <o:File HRef="image064.png"/>
 <o:File HRef="image056.jpg"/>
 <o:File HRef="image066.gif"/>
 <o:File HRef="image067.png"/>
 <o:File HRef="image068.jpg"/>
 <o:File HRef="image069.png"/>
 <o:File HRef="image058.jpg"/>
 <o:File HRef="image071.png"/>
 <o:File HRef="image065.jpg"/>
 <o:File HRef="image073.png"/>
 <o:File HRef="image072.jpg"/>
 <o:File HRef="image351.jpg"/>
 <o:File HRef="image075.png"/>
 <o:File HRef="image070.jpg"/>
 <o:File HRef="image077.png"/>
 <o:File HRef="image074.jpg"/>
 <o:File HRef="image079.png"/>
 <o:File HRef="image076.jpg"/>
 <o:File HRef="image081.png"/>
 <o:File HRef="image078.jpg"/>
 <o:File HRef="image083.png"/>
 <o:File HRef="image080.jpg"/>
 <o:File HRef="image085.png"/>
 <o:File HRef="image082.jpg"/>
 <o:File HRef="image087.png"/>
 <o:File HRef="image084.jpg"/>
 <o:File HRef="image089.png"/>
 <o:File HRef="image086.jpg"/>
 <o:File HRef="image091.png"/>
 <o:File HRef="image088.jpg"/>
 <o:File HRef="image093.png"/>
 <o:File HRef="image090.jpg"/>
 <o:File HRef="image095.png"/>
 <o:File HRef="image352.jpg"/>
 <o:File HRef="image097.png"/>
 <o:File HRef="image092.jpg"/>
 <o:File HRef="image330.wmz"/>
 <o:File HRef="image100.gif"/>
 <o:File HRef="image332.wmz"/>
 <o:File HRef="image102.gif"/>
 <o:File HRef="image334.wmz"/>
 <o:File HRef="image104.gif"/>
 <o:File HRef="image336.wmz"/>
 <o:File HRef="image106.gif"/>
 <o:File HRef="image339.wmz"/>
 <o:File HRef="image108.gif"/>
 <o:File HRef="image341.wmz"/>
 <o:File HRef="image110.gif"/>
 <o:File HRef="image343.wmz"/>
 <o:File HRef="image112.gif"/>
 <o:File HRef="image345.wmz"/>
 <o:File HRef="image114.gif"/>
 <o:File HRef="image346.wmz"/>
 <o:File HRef="image116.gif"/>
 <o:File HRef="image347.wmz"/>
 <o:File HRef="image100.gif"/>
 <o:File HRef="image348.wmz"/>
 <o:File HRef="image119.gif"/>
 <o:File HRef="image374.wmz"/>
 <o:File HRef="image121.gif"/>
 <o:File HRef="image106.gif"/>
 <o:File HRef="image375.wmz"/>
 <o:File HRef="image123.gif"/>
 <o:File HRef="image376.wmz"/>
 <o:File HRef="image125.gif"/>
 <o:File HRef="image100.gif"/>
 <o:File HRef="image377.wmz"/>
 <o:File HRef="image127.gif"/>
 <o:File HRef="image378.wmz"/>
 <o:File HRef="image129.gif"/>
 <o:File HRef="image106.gif"/>
 <o:File HRef="image379.wmz"/>
 <o:File HRef="image131.gif"/>
 <o:File HRef="image380.wmz"/>
 <o:File HRef="image133.gif"/>
 <o:File HRef="image094.gif"/>
 <o:File HRef="image381.wmz"/>
 <o:File HRef="image135.gif"/>
 <o:File HRef="image136.gif"/>
 <o:File HRef="image106.gif"/>
 <o:File HRef="image382.wmz"/>
 <o:File HRef="image138.gif"/>
 <o:File HRef="image383.wmz"/>
 <o:File HRef="image140.gif"/>
 <o:File HRef="image100.gif"/>
 <o:File HRef="image384.wmz"/>
 <o:File HRef="image142.gif"/>
 <o:File HRef="image385.wmz"/>
 <o:File HRef="image144.gif"/>
 <o:File HRef="image106.gif"/>
 <o:File HRef="image386.wmz"/>
 <o:File HRef="image146.gif"/>
 <o:File HRef="image387.wmz"/>
 <o:File HRef="image148.gif"/>
 <o:File HRef="image100.gif"/>
 <o:File HRef="image388.wmz"/>
 <o:File HRef="image150.gif"/>
 <o:File HRef="image151.gif"/>
 <o:File HRef="image106.gif"/>
 <o:File HRef="image389.wmz"/>
 <o:File HRef="image153.gif"/>
 <o:File HRef="image390.wmz"/>
 <o:File HRef="image155.gif"/>
 <o:File HRef="image391.wmz"/>
 <o:File HRef="image157.gif"/>
 <o:File HRef="image392.wmz"/>
 <o:File HRef="image159.gif"/>
 <o:File HRef="image160.gif"/>
 <o:File HRef="image106.gif"/>
 <o:File HRef="image393.wmz"/>
 <o:File HRef="image162.gif"/>
 <o:File HRef="image394.wmz"/>
 <o:File HRef="image164.gif"/>
 <o:File HRef="image395.wmz"/>
 <o:File HRef="image096.gif"/>
 <o:File HRef="image396.wmz"/>
 <o:File HRef="image098.gif"/>
 <o:File HRef="image397.wmz"/>
 <o:File HRef="image353.gif"/>
 <o:File HRef="image398.wmz"/>
 <o:File HRef="image354.gif"/>
 <o:File HRef="image399.wmz"/>
 <o:File HRef="image355.gif"/>
 <o:File HRef="image400.wmz"/>
 <o:File HRef="image356.gif"/>
 <o:File HRef="image401.wmz"/>
 <o:File HRef="image357.gif"/>
 <o:File HRef="image402.wmz"/>
 <o:File HRef="image358.gif"/>
 <o:File HRef="image403.wmz"/>
 <o:File HRef="image359.gif"/>
 <o:File HRef="image404.wmz"/>
 <o:File HRef="image360.gif"/>
 <o:File HRef="image405.wmz"/>
 <o:File HRef="image361.gif"/>
 <o:File HRef="image406.wmz"/>
 <o:File HRef="image362.gif"/>
 <o:File HRef="image407.wmz"/>
 <o:File HRef="image166.gif"/>
 <o:File HRef="image408.wmz"/>
 <o:File HRef="image168.gif"/>
 <o:File HRef="image409.wmz"/>
 <o:File HRef="image170.gif"/>
 <o:File HRef="image410.wmz"/>
 <o:File HRef="image172.gif"/>
 <o:File HRef="image411.wmz"/>
 <o:File HRef="image174.gif"/>
 <o:File HRef="image412.wmz"/>
 <o:File HRef="image176.gif"/>
 <o:File HRef="image413.wmz"/>
 <o:File HRef="image178.gif"/>
 <o:File HRef="image414.wmz"/>
 <o:File HRef="image180.gif"/>
 <o:File HRef="image415.wmz"/>
 <o:File HRef="image182.gif"/>
 <o:File HRef="image416.wmz"/>
 <o:File HRef="image184.gif"/>
 <o:File HRef="image417.wmz"/>
 <o:File HRef="image186.gif"/>
 <o:File HRef="image418.wmz"/>
 <o:File HRef="image188.gif"/>
 <o:File HRef="image419.wmz"/>
 <o:File HRef="image190.gif"/>
 <o:File HRef="image420.wmz"/>
 <o:File HRef="image192.gif"/>
 <o:File HRef="image421.wmz"/>
 <o:File HRef="image194.gif"/>
 <o:File HRef="image422.wmz"/>
 <o:File HRef="image196.gif"/>
 <o:File HRef="image423.wmz"/>
 <o:File HRef="image198.gif"/>
 <o:File HRef="image424.wmz"/>
 <o:File HRef="image200.gif"/>
 <o:File HRef="image425.wmz"/>
 <o:File HRef="image202.gif"/>
 <o:File HRef="image426.wmz"/>
 <o:File HRef="image204.gif"/>
 <o:File HRef="image427.wmz"/>
 <o:File HRef="image206.gif"/>
 <o:File HRef="image428.wmz"/>
 <o:File HRef="image208.gif"/>
 <o:File HRef="image429.wmz"/>
 <o:File HRef="image210.gif"/>
 <o:File HRef="image430.wmz"/>
 <o:File HRef="image212.gif"/>
 <o:File HRef="image431.wmz"/>
 <o:File HRef="image021.gif"/>
 <o:File HRef="image432.wmz"/>
 <o:File HRef="image216.gif"/>
 <o:File HRef="image433.wmz"/>
 <o:File HRef="image218.gif"/>
 <o:File HRef="image434.wmz"/>
 <o:File HRef="image220.gif"/>
 <o:File HRef="image435.wmz"/>
 <o:File HRef="image222.gif"/>
 <o:File HRef="image436.wmz"/>
 <o:File HRef="image224.gif"/>
 <o:File HRef="image437.wmz"/>
 <o:File HRef="image226.gif"/>
 <o:File HRef="image438.wmz"/>
 <o:File HRef="image230.gif"/>
 <o:File HRef="image439.wmz"/>
 <o:File HRef="image023.gif"/>
 <o:File HRef="image440.wmz"/>
 <o:File HRef="image236.gif"/>
 <o:File HRef="image441.wmz"/>
 <o:File HRef="image363.gif"/>
 <o:File HRef="image442.wmz"/>
 <o:File HRef="image364.gif"/>
 <o:File HRef="image443.wmz"/>
 <o:File HRef="image365.gif"/>
 <o:File HRef="image444.wmz"/>
 <o:File HRef="image029.gif"/>
 <o:File HRef="image445.wmz"/>
 <o:File HRef="image367.gif"/>
 <o:File HRef="image446.wmz"/>
 <o:File HRef="image368.gif"/>
 <o:File HRef="image447.wmz"/>
 <o:File HRef="image369.gif"/>
 <o:File HRef="image448.wmz"/>
 <o:File HRef="image238.gif"/>
 <o:File HRef="image449.wmz"/>
 <o:File HRef="image240.gif"/>
 <o:File HRef="image450.wmz"/>
 <o:File HRef="image242.gif"/>
 <o:File HRef="image451.wmz"/>
 <o:File HRef="image244.gif"/>
 <o:File HRef="image452.wmz"/>
 <o:File HRef="image246.gif"/>
 <o:File HRef="image453.wmz"/>
 <o:File HRef="image248.gif"/>
 <o:File HRef="image454.wmz"/>
 <o:File HRef="image250.gif"/>
 <o:File HRef="image455.wmz"/>
 <o:File HRef="image252.gif"/>
 <o:File HRef="image456.wmz"/>
 <o:File HRef="image032.gif"/>
 <o:File HRef="image457.wmz"/>
 <o:File HRef="image034.gif"/>
 <o:File HRef="image458.wmz"/>
 <o:File HRef="image254.gif"/>
 <o:File HRef="image459.wmz"/>
 <o:File HRef="image256.gif"/>
 <o:File HRef="image460.wmz"/>
 <o:File HRef="image258.gif"/>
 <o:File HRef="image461.wmz"/>
 <o:File HRef="image260.gif"/>
 <o:File HRef="image462.wmz"/>
 <o:File HRef="image262.gif"/>
 <o:File HRef="image463.wmz"/>
 <o:File HRef="image038.gif"/>
 <o:File HRef="image464.wmz"/>
 <o:File HRef="image266.gif"/>
 <o:File HRef="image465.wmz"/>
 <o:File HRef="image039.gif"/>
 <o:File HRef="image466.wmz"/>
 <o:File HRef="image270.gif"/>
 <o:File HRef="image467.wmz"/>
 <o:File HRef="image272.gif"/>
 <o:File HRef="image468.wmz"/>
 <o:File HRef="image275.gif"/>
 <o:File HRef="image469.wmz"/>
 <o:File HRef="image043.gif"/>
 <o:File HRef="image470.wmz"/>
 <o:File HRef="image280.gif"/>
 <o:File HRef="image471.wmz"/>
 <o:File HRef="image282.gif"/>
 <o:File HRef="image472.wmz"/>
 <o:File HRef="image284.gif"/>
 <o:File HRef="image473.wmz"/>
 <o:File HRef="image370.gif"/>
 <o:File HRef="image474.wmz"/>
 <o:File HRef="image371.gif"/>
 <o:File HRef="image475.wmz"/>
 <o:File HRef="image372.gif"/>
 <o:File HRef="image476.wmz"/>
 <o:File HRef="image373.gif"/>
 <o:File HRef="image477.wmz"/>
 <o:File HRef="image044.gif"/>
 <o:File HRef="image478.wmz"/>
 <o:File HRef="image288.gif"/>
 <o:File HRef="image479.wmz"/>
 <o:File HRef="image290.gif"/>
 <o:File HRef="image480.wmz"/>
 <o:File HRef="image292.gif"/>
 <o:File HRef="image481.wmz"/>
 <o:File HRef="image294.gif"/>
 <o:File HRef="image482.wmz"/>
 <o:File HRef="image045.gif"/>
 <o:File HRef="image483.wmz"/>
 <o:File HRef="image298.gif"/>
 <o:File HRef="image484.wmz"/>
 <o:File HRef="image300.gif"/>
 <o:File HRef="image485.wmz"/>
 <o:File HRef="image302.gif"/>
 <o:File HRef="image486.wmz"/>
 <o:File HRef="image304.gif"/>
 <o:File HRef="header.htm"/>
 <o:File HRef="filelist.xml"/>
</xml>